{
    "uvs":[[0.861401,0.18271,0.829539,0.0238475,1.00289,0.247124,0.391446,0.247201,0.311785,0.0704159,0.522569,0.23628,0.899603,0.358318,0.793186,0.338268,0.689656,0.198879,0.44873,0.399993,0.197002,0.395493,0.272398,0.27822,0.267422,0.487755,0.0495815,0.539143,0.118623,0.454269,0.107462,0.662361,0.763531,0.511136,0.840304,0.520294,0.786766,0.687594,0.61374,0.342463,0.697142,0.408285,0.622504,0.526255,0.353317,0.418043,0.189055,0.579382,0.0152812,0.705644,0.700872,0.617882,0.540911,0.443276,0.330082,0.594501,0.406855,0.585343,0.359737,0.767368,0.18029,0.763173,0.263693,0.697352,0.256206,0.906758,0.824896,0.858436,0.956019,0.869357,0.827709,0.988653,0.630451,0.710144,0.705847,0.827416,0.569439,0.858513,0.483031,0.566494,0.552072,0.651368,0.466154,0.747319,0.427952,0.922927,0.614509,0.97661,0.0891202,0.869357,0.88218,0.705644,0.91648,0.539143,0.0327048,0.358318,0.13599,0.247124]],
    "faces":[42,0,13,12,0,0,1,2,0,1,2,42,1,13,15,0,3,4,5,3,1,4,42,0,12,17,0,0,2,6,0,2,5,42,0,17,19,0,0,6,7,0,5,6,42,0,19,16,0,0,7,8,0,6,7,42,1,15,22,0,3,5,9,3,4,8,42,2,14,24,0,10,11,12,9,10,11,42,3,18,26,0,13,14,15,12,13,14,42,4,20,28,0,16,17,18,15,16,17,42,5,21,30,0,19,20,21,18,19,20,42,1,22,25,0,3,9,22,3,8,21,42,2,24,27,0,10,12,23,9,11,22,42,3,26,29,0,13,15,24,12,14,23,42,4,28,31,0,16,18,25,15,17,24,42,5,30,23,0,19,21,26,18,20,25,42,6,32,37,0,27,28,29,26,27,28,42,7,33,39,0,30,31,32,29,30,31,42,8,34,40,0,33,34,35,32,33,34,42,9,35,41,0,36,37,38,35,36,37,42,10,36,38,0,39,40,41,38,39,40,42,38,41,11,0,41,38,42,40,37,41,42,38,36,41,0,41,40,38,40,39,37,42,36,9,41,0,40,36,38,39,35,37,42,41,40,11,0,38,35,42,37,34,41,42,41,35,40,0,38,37,35,37,36,34,42,35,8,40,0,37,33,35,36,32,34,42,40,39,11,0,35,43,42,34,31,41,42,40,34,39,0,35,34,43,34,33,31,42,34,7,39,0,44,30,32,33,29,31,42,39,37,11,0,32,29,42,31,28,41,42,39,33,37,0,32,31,29,31,30,28,42,33,6,37,0,31,27,29,30,26,28,42,37,38,11,0,29,41,42,28,40,41,42,37,32,38,0,29,28,41,28,27,40,42,32,10,38,0,28,39,41,27,38,40,42,23,36,10,0,26,40,39,25,39,38,42,23,30,36,0,26,21,40,25,20,39,42,30,9,36,0,21,36,40,20,35,39,42,31,35,9,0,25,37,36,24,36,35,42,31,28,35,0,25,18,37,24,17,36,42,28,8,35,0,18,33,37,17,32,36,42,29,34,8,0,45,34,33,23,33,32,42,29,26,34,0,24,15,44,23,14,33,42,26,7,34,0,15,30,44,14,29,33,42,27,33,7,0,23,31,30,22,30,29,42,27,24,33,0,23,12,31,22,11,30,42,24,6,33,0,12,27,31,11,26,30,42,25,32,6,0,22,28,27,21,27,26,42,25,22,32,0,22,9,28,21,8,27,42,22,10,32,0,9,39,28,8,38,27,42,30,31,9,0,21,25,36,20,24,35,42,30,21,31,0,21,20,25,20,19,24,42,21,4,31,0,20,16,25,19,15,24,42,28,29,8,0,18,45,33,17,23,32,42,28,20,29,0,18,17,45,17,16,23,42,20,3,29,0,17,46,45,16,12,23,42,26,27,7,0,15,23,30,14,22,29,42,26,18,27,0,15,14,23,14,13,22,42,18,2,27,0,14,10,23,13,9,22,42,24,25,6,0,12,22,27,11,21,26,42,24,14,25,0,12,11,22,11,10,21,42,14,1,25,0,11,3,22,10,3,21,42,22,23,10,0,9,26,39,8,25,38,42,22,15,23,0,9,5,26,8,4,25,42,15,5,23,0,5,19,26,4,18,25,42,16,21,5,0,8,20,19,7,19,18,42,16,19,21,0,8,7,20,7,6,19,42,19,4,21,0,7,16,20,6,15,19,42,19,20,4,0,7,17,16,6,16,15,42,19,17,20,0,7,6,17,6,5,16,42,17,3,20,0,6,46,17,5,12,16,42,17,18,3,0,47,14,13,5,13,12,42,17,12,18,0,47,48,14,5,2,13,42,12,2,18,0,48,10,14,2,9,13,42,15,16,5,0,5,8,19,4,7,18,42,15,13,16,0,5,4,8,4,1,7,42,13,0,16,0,1,0,8,1,0,7,42,12,14,2,0,48,11,10,2,10,9,42,12,13,14,0,48,4,11,2,1,10,42,13,1,14,0,4,3,11,1,3,10],
    "vertices":[0,0.539997,-2.3604e-08,1.30735,1.53871,0.949834,-0.499353,1.53871,1.53688,-1.61597,1.53872,-6.72595e-08,-0.499353,1.53871,-1.53688,1.30735,1.53871,-0.949834,0.499353,3.15471,1.53688,-1.30735,3.1547,0.949834,-1.30735,3.1547,-0.949834,0.499353,3.15471,-1.53688,1.61597,3.1547,-1.37896e-07,0,4.15342,-1.81552e-07,-0.29351,0.809821,0.903347,0.768435,0.809821,0.558294,0.474928,1.39685,1.46165,1.53688,1.39685,-6.10585e-08,0.768435,0.809821,-0.558295,-0.949842,0.809826,-3.53986e-08,-1.24336,1.39685,0.90335,-0.29351,0.809821,-0.903347,-1.24336,1.39685,-0.90335,0.474928,1.39685,-1.46165,1.71829,2.34671,0.558297,1.71829,2.34671,-0.558297,0,2.34671,1.80671,1.06196,2.34671,1.46166,-1.71829,2.34671,0.558297,-1.06196,2.34671,1.46166,-1.06196,2.34671,-1.46166,-1.71829,2.34671,-0.558297,1.06196,2.34671,-1.46166,0,2.34671,-1.80671,1.24336,3.29656,0.90335,-0.474928,3.29656,1.46165,-1.53688,3.29656,-1.44097e-07,-0.474928,3.29656,-1.46165,1.24336,3.29656,-0.90335,0.29351,3.88359,0.903347,0.949842,3.88359,-1.69757e-07,-0.768435,3.88359,0.558294,-0.768435,3.88359,-0.558295,0.29351,3.88359,-0.903347],
    "materials":[{
        "transparent":false,
        "DbgColor":15658734,
        "mapDiffuse":"stone.jpg",
        "mapDiffuseAnisotropy":1,
        "depthWrite":true,
        "opacity":1,
        "blending":"NormalBlending",
        "DbgIndex":0,
        "wireframe":false,
        "mapDiffuseWrap":["repeat","repeat"],
        "colorDiffuse":[0.8, 0.8, 0.8],
        "depthTest":true,
        "shading":"phong",
        "DbgName":"Material.001",
        "visible":true
    }],
    "normals":[0,-1,0,0.425306,-0.850642,0.309,-0.16245,-0.850642,0.499985,0.723594,-0.447188,0.525712,0.850642,-0.525712,0,-0.525712,-0.850642,0,-0.16245,-0.850642,-0.499985,0.425306,-0.850642,-0.309,0.951048,0,0.309,-0.276376,-0.447218,0.850642,0.262856,-0.525712,0.808985,0,0,1,-0.894406,-0.447188,0,-0.688162,-0.525712,0.499985,-0.951048,0,0.309,-0.276376,-0.447218,-0.850642,-0.688162,-0.525712,-0.499985,-0.587756,0,-0.809015,0.723594,-0.447188,-0.525712,0.262856,-0.525712,-0.808985,0.587756,0,-0.809015,0.587756,0,0.809015,-0.587756,0,0.809015,-0.951048,0,-0.309,0,0,-1,0.951048,0,-0.309,0.276376,0.447218,0.850642,0.688162,0.525712,0.499985,0.16245,0.850642,0.499985,-0.723594,0.447188,0.525712,-0.262856,0.525712,0.808985,-0.425306,0.850642,0.309,-0.723594,0.447188,-0.525712,-0.850642,0.525712,0,-0.425306,0.850642,-0.309,0.276376,0.447218,-0.850642,-0.262856,0.525712,-0.808985,0.16245,0.850642,-0.499985,0.894406,0.447188,0,0.688162,0.525712,-0.499985,0.525712,0.850642,0,0,1,0],
    "metadata":{
        "uvs":1,
        "vertices":42,
        "materials":1,
        "generator":"io_three",
        "type":"Geometry",
        "faces":80,
        "normals":42,
        "version":3
    }
}