{
    "metadata":{
        "version":3,
        "type":"Geometry",
        "normals":88,
        "uvs":1,
        "generator":"io_three",
        "materials":1,
        "vertices":93,
        "faces":92
    },
    "vertices":[0,1.29723,-4.49393,2.10403e-09,1.27108,0.113957,0.0450268,1.2826,-4.49393,0.0296574,1.26145,0.113957,0.0728549,1.2443,-4.49393,0.0479867,1.23622,0.113957,0.0728549,1.19696,-4.49393,0.0479866,1.20504,0.113957,0.0450268,1.15865,-4.49393,0.0296574,1.17981,0.113957,-6.69695e-09,1.14402,-4.58888,-2.30699e-09,1.17017,0.113957,-0.0450268,1.15865,-4.49393,-0.0296574,1.17981,0.113957,-0.0728549,1.19696,-4.49393,-0.0479866,1.20504,0.113957,-0.0728549,1.2443,-4.49393,-0.0479866,1.23622,0.113957,-0.0450268,1.2826,-4.49393,-0.0296574,1.26145,0.113957,0.0296574,1.26145,0.25811,7.95121e-09,1.27108,0.25811,0.0479867,1.23622,0.25811,0.0479867,1.20504,0.25811,0.0296574,1.17981,0.25811,3.54019e-09,1.17017,0.25811,-0.0296574,1.17981,0.25811,-0.0479866,1.20504,0.25811,-0.0479866,1.23622,0.25811,-0.0296574,1.26145,0.25811,0.0728058,1.32084,0.557456,2.98473e-08,1.34449,0.557456,0.117802,1.2589,0.557456,0.117802,1.18235,0.557456,0.0728058,1.12042,0.557456,1.90187e-08,1.09676,0.557456,-0.0728058,1.12042,0.557456,-0.117802,1.18235,0.557456,-0.117802,1.2589,0.557456,-0.0728057,1.32084,0.557456,0.0485948,1.28751,0.682599,1.48691e-08,1.3033,0.682599,0.0786281,1.24618,0.682599,0.0786281,1.19508,0.682599,0.0485948,1.15374,0.682599,7.6415e-09,1.13795,0.682599,-0.0485948,1.15374,0.682599,-0.0786281,1.19508,0.682599,-0.0786281,1.24618,0.682599,-0.0485948,1.28751,0.682599,0.0230358,1.25294,0.87323,0.000144899,1.26038,0.87323,0.0371831,1.23347,0.87323,0.0371831,1.2094,0.87323,0.0230358,1.18993,0.87323,0.000144894,1.18249,0.87323,-0.022746,1.18993,0.87323,-0.0368933,1.2094,0.87323,-0.0368933,1.23347,0.87323,-0.022746,1.25294,0.87323,0.00635554,1.2278,1.11636,0.00173563,1.2293,1.11636,0.00921081,1.22387,1.11636,0.00921081,1.21901,1.11636,0.00635554,1.21508,1.11636,0.00173563,1.21358,1.11636,-0.00288428,1.21508,1.11636,-0.00573955,1.21901,1.11636,-0.00573955,1.22387,1.11636,-0.00288428,1.2278,1.11636,0.0687469,1.24346,-4.12034,0.0706083,1.1963,-4.12497,0.0443231,1.16016,-4.12867,-0.00364557,1.1458,-3.92651,-0.0503392,1.15992,-4.12685,-0.0385536,1.2851,-4.12346,0.00584586,1.29942,-4.13009,-0.0765605,1.19507,-4.1305,-0.0740313,1.24135,-4.14439,0.0426586,1.28198,-4.12879,-0.0450268,1.2826,-4.49393,-0.0385536,1.2851,-4.12346,0.0618721,1.27208,-4.60669,-0.020855,1.15615,-3.86937,-0.0254482,1.22806,-3.8378,-0.0670568,1.26197,-4.58369,-0.0485409,1.25533,-3.82711,-0.191373,1.40877,-4.52616,-0.00506914,1.03654,-4.1127,0.000565801,1.03324,-4.62597,0.189432,1.43239,-4.59586,0.0495507,1.24463,-3.8634,0.0443231,1.16016,-4.12867],
    "uvs":[[0.359512,0.983747,0.360783,0.920027,0.392671,0.919797,0.395733,0.983801,0.426137,0.918103,0.430311,0.983595,0.540731,0.000284031,0.536216,0.0658022,0.50618,0.0647472,0.509731,4.84068e-05,0.471003,0.0640517,0.472442,0,0.157966,0.0169767,0.154894,0.0809626,0.121214,0.116016,0.128328,0,0.0839671,0.080851,0.0904462,0.0165686,0.0557841,0.0804333,0.0602715,0.0168133,0.216282,0.98378,0.211334,0.920103,0.24278,0.922687,0.247233,0.983952,0.251029,0.176051,0.226466,0.176101,0.225639,0.150835,0.250202,0.150785,0.286882,0.918904,0.284525,0.983878,0.315832,0.919778,0.313915,0.983585,0.561026,0.143077,0.595543,0.139981,0.631099,0.141916,0.654113,0.148143,0.655793,0.156283,0.64694,0.166324,0.60098,0.166324,0.565424,0.164389,0.542411,0.158162,0.540731,0.150021,0.452002,0.833371,0.476562,0.833403,0.490605,0.885419,0.430311,0.885341,0.20608,0.175987,0.205253,0.150721,0.0494763,0.824083,0.0693511,0.823922,0.0684916,0.849171,0.0486167,0.849332,0.0939296,0.823963,0.09307,0.849212,0.113824,0.824191,0.112964,0.84944,0.452837,0.808097,0.477398,0.808128,0.372385,0.176053,0.348527,0.176018,0.347843,0.150755,0.3717,0.15079,0.497816,0.808284,0.496981,0.833558,0.39516,0.175917,0.394476,0.150655,0.270387,0.175859,0.26956,0.150593,0.3744,0.0989797,0.315832,0.0988936,0.332402,0.0766272,0.371493,0.0766846,0.157966,0.0987082,0.208011,0.0989867,0.157966,0.901491,0.109128,0.900932,0.430311,0.0986476,0.268311,0.0988662,0.0487908,0.900831,0.54073,0.8858,0.315832,0.0983928,0,0.901227,0.216221,0.0767052,0.182818,0.0765194,0.209463,0.0428386,0.225198,0.0429262,0.130967,0.923623,0.0983701,0.92325,0.408812,0.076463,0.256468,0.0766248,0.0580973,0.923183,0.514483,0.907878,0.481026,0.907624,0.288187,0.0763088,0.0255315,0.923447,0.440783,0.907572,0.0865159,0.957071,0.101871,0.957247,0.0818021,1,0.0787031,0.999965,0.367893,0.0428979,0.385472,0.0427934,0.244157,0.0428883,0.0675451,0.95704,0.486875,0.941451,0.471115,0.941331,0.259098,0.0427395,0.0522048,0.957164,0.452158,0.941306,0.349479,0.0428708,0.658043,0.142476,0.655793,0.141787,0.655793,0.140934,0.658043,0.140244,0.661685,0.139981,0.665326,0.140244,0.667577,0.140934,0.667577,0.141787,0.665326,0.142476,0.661685,0.14274,0.366058,2.10754e-05,0.369606,0,0.231241,3.76768e-05,0.235067,3.00491e-05,0.0748744,0.999958,0.466903,0.984175,0.463723,0.984151,0.238083,0,0.0717783,0.999983,0.459897,0.984146,0.362341,1.56014e-05,0.228065,2.00114e-05,0,0,0.828406,0.0821477,0.88155,0.0192641,0.897726,0,0.897726,0.131595,0.97635,0.114756,0.969905,0.0498347,1,0,1,0.130412,0.828406,0,0.828406,0.130738,0.803898,0.132447,0.696474,0.00920057,0.610512,0.139981,0.540731,0.00920134,0.696474,0,0.696474,0.134902,0.897751,0.122028,0.897726,0.00596393,0.969905,0,0.969905,0.0899101]],
    "normals":[0.364858,0.931056,-0.00374979,0.818072,0.575056,0.0083015,0.999777,0.0192714,0.00859448,0.808782,-0.588096,0.00393561,0.302172,-0.953244,0.00432463,-0.29931,-0.954156,0.000212435,-0.805163,-0.592962,-0.0104435,-0.999639,0.026016,-0.00666865,-0.809016,0.587786,3.2372e-08,-0.792493,0.60985,0.00621503,-0.308081,0.95136,-0.00090247,-0,0,-1,0,0,-1,0.776362,-0.56406,-0.281245,-0.776362,-0.56406,-0.281245,0,-0,-1,0,0,-1,0,0.87345,-0.486915,0,-0,-1,0.787872,-0.572424,-0.227132,-1,0,2.58425e-08,-0.809017,-0.587786,2.91348e-08,-0.309017,-0.951056,1.6186e-08,0.309017,-0.951056,-1.29488e-08,0.809016,-0.587786,-3.88464e-08,0.309017,0.951056,-9.71158e-09,1,-1.79194e-07,-3.87638e-08,0.809016,0.587786,-2.58976e-08,-0.309018,0.951056,1.29488e-08,0.294905,0.907626,0.298739,0.30094,0.9262,-0.227132,-0.973864,0,-0.227132,0.30094,-0.9262,-0.227131,0.787872,0.572423,-0.227132,-0.787872,0.572423,-0.227132,-0.300941,-0.9262,-0.227131,0.973864,-1.12492e-07,-0.227132,-0.300941,0.9262,-0.227132,-0.787872,-0.572424,-0.227131,-0.976863,0,0.213865,-0.954335,0,0.298739,0.294905,-0.907626,0.298739,0.772073,0.560944,0.298739,-0.772073,0.560944,0.298739,-0.294905,-0.907626,0.298739,0.954335,-1.11278e-07,0.298739,-0.294905,0.907626,0.298739,-0.772073,-0.560944,0.298739,0.772073,-0.560944,0.29874,0.306831,-0.94433,0.118725,0.301674,-0.928458,0.216698,0.790933,0.574647,0.210253,-0.790733,0.574501,0.211401,-0.301644,-0.928366,0.217135,0.977173,-1.9054e-07,0.212447,-0.302152,0.92993,0.209606,-0.789909,-0.573903,0.216053,0.790114,-0.574051,0.214908,0.302181,0.930019,0.209167,0,0,1,0,-0,1,0,0,1,-0,0,1,0.803601,0.58385,0.115521,-0.802582,0.58311,0.125876,-0.306682,-0.943873,0.12268,0.993447,-1.31554e-07,0.114296,-0.306683,0.943873,0.12268,-0.802582,-0.58311,0.125876,0.803601,-0.58385,0.115521,0.306831,0.94433,0.118725,-0.99189,0,0.127096,0,0,0,0.808681,-0.588221,0.00552334,0.999712,0.0234503,0.00511429,0.308326,-0.951265,0.00546556,-0.311378,-0.950267,0.00599389,-0.80486,-0.593426,0.00676006,-0.307327,0.951585,0.00594332,-0.999409,0.0337802,0.00640058,-0.789251,0.614048,0.00532606,0.377083,0.926159,0.00617108,0.820149,0.572126,0.00514148,-0.95884,0.28046,-0.0443612,0.971111,-0.233668,-0.0484004,-0.760571,-0.649127,0.0129181,0.782795,-0.6222,-0.010001,-0.999897,0.0119596,-0.00794477],
    "materials":[{
        "mapDiffuseAnisotropy":1,
        "mapDiffuseRepeat":[1,1],
        "colorSpecular":[0.5,0.5,0.5],
        "colorDiffuse":[0.64,0.64,0.64],
        "transparent":false,
        "blending":"NormalBlending",